condition,cos_clean_aug,embedding_drift
noise_snr10,0.7360851691070439,0.2639148308929561
channel_8k,0.6602947645915104,0.3397052354084896
noise_snr10,0.6766801619429726,0.32331983805702735
channel_8k,0.5292699003501621,0.4707300996498379
noise_snr10,0.7731025006411925,0.22689749935880754
channel_8k,0.5727951810774861,0.42720481892251394
noise_snr10,0.7815359026441535,0.2184640973558465
channel_8k,0.5863850161070199,0.4136149838929801
noise_snr10,0.7514290138441999,0.2485709861558001
channel_8k,0.5551999751837791,0.44480002481622094
noise_snr10,0.6911939725417415,0.30880602745825847
channel_8k,0.5544792688759019,0.44552073112409807
noise_snr10,0.7615081449597048,0.23849185504029524
channel_8k,0.46182825472034994,0.5381717452796501
noise_snr10,0.7355268366411871,0.2644731633588129
channel_8k,0.547830158954224,0.45216984104577596
noise_snr10,0.7598917098479215,0.24010829015207846
channel_8k,0.6737556779057502,0.3262443220942498
noise_snr10,0.750970043240677,0.24902995675932305
channel_8k,0.5114566036577118,0.48854339634228816
noise_snr10,0.8187426246784796,0.18125737532152042
channel_8k,0.5736494944934296,0.4263505055065704
noise_snr10,0.6218003343033521,0.37819966569664787
channel_8k,0.5957465708285756,0.40425342917142437
noise_snr10,0.7009807754990424,0.29901922450095764
channel_8k,0.5965803801960005,0.40341961980399954
noise_snr10,0.7620053669310856,0.23799463306891444
channel_8k,0.5505509321470786,0.4494490678529214
noise_snr10,0.7376283177062762,0.26237168229372376
channel_8k,0.602505677873869,0.397494322126131
noise_snr10,0.7418508897655585,0.25814911023444154
channel_8k,0.5192976542041488,0.48070234579585125
noise_snr10,0.7779164567780608,0.22208354322193924
channel_8k,0.697817044172276,0.30218295582772403
noise_snr10,0.7784394544005115,0.22156054559948846
channel_8k,0.5923713739507168,0.4076286260492832
noise_snr10,0.7314627097416474,0.2685372902583526
channel_8k,0.5177448052693391,0.4822551947306609
noise_snr10,0.7758355063102484,0.22416449368975155
channel_8k,0.5375670736915595,0.46243292630844046
noise_snr10,0.6600615316188366,0.3399384683811634
channel_8k,0.49876853317553155,0.5012314668244684
noise_snr10,0.7455947768989044,0.2544052231010956
channel_8k,0.47383832301744483,0.5261616769825552
noise_snr10,0.7909115473811067,0.2090884526188933
channel_8k,0.5688251200060237,0.4311748799939763
noise_snr10,0.7467641755767919,0.25323582442320813
channel_8k,0.6711049412794241,0.3288950587205759
noise_snr10,0.5732648315323664,0.4267351684676336
channel_8k,0.6503086412671182,0.3496913587328818
noise_snr10,0.584648603314891,0.415351396685109
channel_8k,0.6528485948127617,0.3471514051872383
noise_snr10,0.5821539452364873,0.41784605476351266
channel_8k,0.6574181644393026,0.34258183556069743
noise_snr10,0.5927564199750659,0.4072435800249341
channel_8k,0.6421893770848812,0.3578106229151188
noise_snr10,0.6133239573493762,0.38667604265062383
channel_8k,0.6589938336276521,0.34100616637234793
noise_snr10,0.5991052447377031,0.4008947552622969
channel_8k,0.6939152823385963,0.30608471766140366
noise_snr10,0.575551673909134,0.424448326090866
channel_8k,0.5887603700889589,0.4112396299110411
noise_snr10,0.6526335412565626,0.3473664587434374
channel_8k,0.6688151292676593,0.3311848707323407
noise_snr10,0.6134910887816168,0.38650891121838316
channel_8k,0.6649489932322545,0.33505100676774546
noise_snr10,0.5502892677591312,0.44971073224086877
channel_8k,0.6936225821751023,0.3063774178248977
noise_snr10,0.5641529503673817,0.43584704963261833
channel_8k,0.6473466093178547,0.3526533906821453
noise_snr10,0.6700197391265238,0.3299802608734762
channel_8k,0.7041625729813394,0.29583742701866056
noise_snr10,0.5058178851090575,0.49418211489094255
channel_8k,0.6550977555030936,0.34490224449690643
noise_snr10,0.6589555674460889,0.34104443255391115
channel_8k,0.6212023434507573,0.3787976565492427
noise_snr10,0.5805738856297582,0.4194261143702418
channel_8k,0.6688384942881775,0.33116150571182246
noise_snr10,0.7145300265939104,0.2854699734060896
channel_8k,0.7159501838614638,0.2840498161385362
noise_snr10,0.723483912862512,0.276516087137488
channel_8k,0.6774411537519328,0.3225588462480672
noise_snr10,0.7106333303913779,0.2893666696086221
channel_8k,0.7210636662856097,0.2789363337143903
noise_snr10,0.619757169247985,0.38024283075201504
channel_8k,0.7668523711766911,0.23314762882330886
noise_snr10,0.6157918281840743,0.3842081718159257
channel_8k,0.5937578618755318,0.4062421381244682
noise_snr10,0.4684247625715355,0.5315752374284646
channel_8k,0.6573154656312602,0.3426845343687398
noise_snr10,0.678514593014964,0.321485406985036
channel_8k,0.636012704927175,0.363987295072825
noise_snr10,0.681274209438286,0.318725790561714
channel_8k,0.6058656638910732,0.3941343361089268
noise_snr10,0.6017207801800242,0.3982792198199758
channel_8k,0.6837829283046879,0.3162170716953121
noise_snr10,0.7563808179103566,0.2436191820896434
channel_8k,0.4595407797635705,0.5404592202364296
noise_snr10,0.708668820923871,0.29133117907612904
channel_8k,0.47918030140440976,0.5208196985955902
noise_snr10,0.7481762541921799,0.2518237458078201
channel_8k,0.36144490016993336,0.6385550998300666
noise_snr10,0.6860403349936921,0.3139596650063079
channel_8k,0.49781974652288596,0.502180253477114
noise_snr10,0.6926494171495862,0.30735058285041383
channel_8k,0.2713579210325298,0.7286420789674701
noise_snr10,0.8099587478704138,0.19004125212958622
channel_8k,0.38149261093116765,0.6185073890688324
noise_snr10,0.7033236971691585,0.29667630283084145
channel_8k,0.540215193617184,0.45978480638281605
noise_snr10,0.6412474021262731,0.35875259787372693
channel_8k,0.4235114321690462,0.5764885678309538
noise_snr10,0.766975426988228,0.23302457301177204
channel_8k,0.5197938938490718,0.4802061061509282
noise_snr10,0.6770398549086787,0.3229601450913213
channel_8k,0.4118118946126485,0.5881881053873514
noise_snr10,0.7559071412679021,0.24409285873209785
channel_8k,0.4905141840997563,0.5094858159002438
noise_snr10,0.7359434292631853,0.26405657073681466
channel_8k,0.4920984457397211,0.5079015542602789
noise_snr10,0.6882977416826964,0.3117022583173036
channel_8k,0.5273632950498535,0.47263670495014654
noise_snr10,0.6582285492298676,0.3417714507701324
channel_8k,0.4138867515660123,0.5861132484339877
noise_snr10,0.7328561907949045,0.2671438092050955
channel_8k,0.6191760977787782,0.38082390222122176
noise_snr10,0.748178459564146,0.25182154043585403
channel_8k,0.4571093224005953,0.5428906775994047
noise_snr10,0.6790516308590199,0.3209483691409801
channel_8k,0.464821959854115,0.535178040145885
noise_snr10,0.6329852279307069,0.3670147720692931
channel_8k,0.523094827666238,0.47690517233376195
noise_snr10,0.7750744012021121,0.22492559879788787
channel_8k,0.5163840003827298,0.4836159996172702
noise_snr10,0.584292416009714,0.41570758399028596
channel_8k,0.4380733588085678,0.5619266411914322
noise_snr10,0.6886333158294261,0.3113666841705739
channel_8k,0.41219785397319053,0.5878021460268095
noise_snr10,0.7037542215397271,0.2962457784602729
channel_8k,0.3733450359528144,0.6266549640471857
noise_snr10,0.6516272956535268,0.34837270434647316
channel_8k,0.4290302054894374,0.5709697945105626
noise_snr10,0.7032228041898484,0.2967771958101516
channel_8k,0.5198546596040047,0.4801453403959953
noise_snr10,0.7807856589431501,0.2192143410568499
channel_8k,0.592018514436143,0.40798148556385705
noise_snr10,0.6835941415373131,0.3164058584626869
channel_8k,0.5258859343392241,0.47411406566077585
noise_snr10,0.8143116750348313,0.18568832496516874
channel_8k,0.6115774219615314,0.3884225780384686
noise_snr10,0.7072657872045334,0.29273421279546663
channel_8k,0.5655027571394671,0.43449724286053293
noise_snr10,0.8156403001808443,0.18435969981915568
channel_8k,0.6669955584461851,0.3330044415538149
noise_snr10,0.7468422576606668,0.2531577423393332
channel_8k,0.5496118013733888,0.45038819862661117
noise_snr10,0.7231182979751158,0.27688170202488416
channel_8k,0.608970374274379,0.39102962572562106
noise_snr10,0.6225588630503903,0.3774411369496097
channel_8k,0.558274535215593,0.441725464784407
noise_snr10,0.724529139902841,0.27547086009715904
channel_8k,0.5652558747032762,0.4347441252967238
noise_snr10,0.6653898887852491,0.3346101112147509
channel_8k,0.5565062176970353,0.44349378230296466
noise_snr10,0.7881194148001026,0.2118805851998974
channel_8k,0.5785773087446775,0.4214226912553225
noise_snr10,0.7785720019310293,0.22142799806897073
channel_8k,0.5703120854462195,0.4296879145537805
noise_snr10,0.8331041252749158,0.16689587472508416
channel_8k,0.6135173974674262,0.3864826025325738
noise_snr10,0.7106795663504195,0.2893204336495805
channel_8k,0.38189874993722267,0.6181012500627774
noise_snr10,0.7994616428216836,0.20053835717831636
channel_8k,0.587170570412856,0.41282942958714397
noise_snr10,0.7605517430544252,0.2394482569455748
channel_8k,0.5735633315904165,0.4264366684095835
noise_snr10,0.8025104919291187,0.19748950807088128
channel_8k,0.5810689868040563,0.4189310131959437
noise_snr10,0.7354272968794745,0.2645727031205255
channel_8k,0.6449995149246495,0.35500048507535054
noise_snr10,0.7797229212036253,0.2202770787963747
channel_8k,0.6555737582198817,0.34442624178011827
noise_snr10,0.7560589237901189,0.24394107620988115
channel_8k,0.5367015546534313,0.4632984453465687
noise_snr10,0.7851846607597193,0.21481533924028073
channel_8k,0.5821903885796464,0.41780961142035355
noise_snr10,0.7276022957520838,0.2723977042479162
channel_8k,0.6353869970679135,0.36461300293208654
noise_snr10,0.830508223811617,0.16949177618838296
channel_8k,0.654675218155321,0.34532478184467896
noise_snr10,0.7535483761772849,0.24645162382271513
channel_8k,0.559825891618538,0.440174108381462
noise_snr10,0.7520667239322747,0.2479332760677253
channel_8k,0.4934157973906018,0.5065842026093982
noise_snr10,0.6424843008642805,0.35751569913571946
channel_8k,0.4402360276067645,0.5597639723932355
noise_snr10,0.6318396266695798,0.3681603733304202
channel_8k,0.5090455958006573,0.49095440419934266
noise_snr10,0.7694394511526514,0.23056054884734856
channel_8k,0.4795911264144159,0.5204088735855841
noise_snr10,0.7509705945258166,0.2490294054741834
channel_8k,0.473081792630556,0.5269182073694441
noise_snr10,0.6272677494305183,0.37273225056948167
channel_8k,0.45933403863135425,0.5406659613686458
noise_snr10,0.7824786693573316,0.21752133064266843
channel_8k,0.5113756009462721,0.4886243990537279
noise_snr10,0.7517846003565832,0.24821539964341677
channel_8k,0.54515075138443,0.45484924861556997
noise_snr10,0.6464586193288708,0.35354138067112917
channel_8k,0.454228039013933,0.545771960986067
noise_snr10,0.7068169395793626,0.29318306042063735
channel_8k,0.401893695263095,0.5981063047369051
noise_snr10,0.7322281206613033,0.26777187933869673
channel_8k,0.574273699739746,0.42572630026025404
noise_snr10,0.6529943464061272,0.3470056535938728
channel_8k,0.45295595389381377,0.5470440461061863
noise_snr10,0.6810169151869012,0.3189830848130988
channel_8k,0.5381882136885525,0.4618117863114475
noise_snr10,0.6974940645977246,0.30250593540227544
channel_8k,0.4310490363705185,0.5689509636294815
noise_snr10,0.7401074097055543,0.25989259029444567
channel_8k,0.4640930844627679,0.535906915537232
noise_snr10,0.7493458315301318,0.2506541684698682
channel_8k,0.5081356713026155,0.4918643286973845
noise_snr10,0.7515239640423776,0.24847603595762235
channel_8k,0.526023890839322,0.473976109160678
noise_snr10,0.7331170962454893,0.26688290375451074
channel_8k,0.4449081972454066,0.5550918027545935
noise_snr10,0.7224036382914055,0.2775963617085945
channel_8k,0.47310169897844817,0.5268983010215518
noise_snr10,0.7844387085933525,0.21556129140664748
channel_8k,0.4310221628955889,0.5689778371044111
noise_snr10,0.7522433920976223,0.24775660790237775
channel_8k,0.4603219927624941,0.5396780072375059
noise_snr10,0.7231828333051733,0.2768171666948267
channel_8k,0.5497092281272008,0.4502907718727992
noise_snr10,0.7057856846802718,0.2942143153197282
channel_8k,0.4186546760655285,0.5813453239344715
noise_snr10,0.7675238770980156,0.23247612290198438
channel_8k,0.43970458541148794,0.5602954145885121
noise_snr10,0.7295494441480254,0.27045055585197464
channel_8k,0.4331232186305773,0.5668767813694227
noise_snr10,0.666040811198813,0.333959188801187
channel_8k,0.42569630026654076,0.5743036997334592
noise_snr10,0.6671985718763606,0.33280142812363944
channel_8k,0.4440343633594153,0.5559656366405847
noise_snr10,0.6736746959076012,0.3263253040923988
channel_8k,0.42616939118508346,0.5738306088149165
noise_snr10,0.7555204554346027,0.24447954456539733
channel_8k,0.2961723178810198,0.7038276821189802
noise_snr10,0.7162862775393355,0.2837137224606645
channel_8k,0.33425770867935245,0.6657422913206476
noise_snr10,0.6786880233778397,0.32131197662216027
channel_8k,0.23663994433274302,0.763360055667257
noise_snr10,0.5729351923950087,0.4270648076049913
channel_8k,0.4762675998427365,0.5237324001572635
noise_snr10,0.712592535045553,0.287407464954447
channel_8k,0.39819566783816746,0.6018043321618325
noise_snr10,0.8009264389054085,0.1990735610945915
channel_8k,0.5054977190905376,0.49450228090946236
noise_snr10,0.7311933403324755,0.2688066596675245
channel_8k,0.3633572639462966,0.6366427360537035
noise_snr10,0.7571983116961428,0.24280168830385718
channel_8k,0.49206974563086875,0.5079302543691313
noise_snr10,0.7712453526619972,0.22875464733800277
channel_8k,0.3902061542591018,0.6097938457408982
noise_snr10,0.7503663376097937,0.24963366239020635
channel_8k,0.42454360591534457,0.5754563940846554
noise_snr10,0.7653168223451355,0.23468317765486446
channel_8k,0.5061761090205754,0.4938238909794246
noise_snr10,0.7169838138626637,0.28301618613733626
channel_8k,0.3959881499731846,0.6040118500268155
noise_snr10,0.6176906762342871,0.3823093237657129
channel_8k,0.5027235696111311,0.49727643038886893
noise_snr10,0.7197220253497768,0.2802779746502232
channel_8k,0.29551762046935387,0.7044823795306461
noise_snr10,0.7866127881193793,0.2133872118806207
channel_8k,0.4029596051784874,0.5970403948215126
noise_snr10,0.6796469620450831,0.3203530379549169
channel_8k,0.30790407992877644,0.6920959200712236
noise_snr10,0.7154062318786831,0.28459376812131687
channel_8k,0.39118390884221976,0.6088160911577802
noise_snr10,0.7301566962991196,0.2698433037008804
channel_8k,0.46664445926871956,0.5333555407312804
noise_snr10,0.7661727590237583,0.23382724097624175
channel_8k,0.44640507528249807,0.5535949247175019
noise_snr10,0.7562339826300736,0.24376601736992642
channel_8k,0.3200617996634567,0.6799382003365433
noise_snr10,0.7188696025766906,0.28113039742330936
channel_8k,0.555777901813742,0.444222098186258
noise_snr10,0.7864966782655973,0.21350332173440267
channel_8k,0.5378905480955208,0.46210945190447916
noise_snr10,0.6258415294195857,0.3741584705804143
channel_8k,0.5119643174430892,0.48803568255691077
noise_snr10,0.7422639653366072,0.2577360346633928
channel_8k,0.5579724256031371,0.4420275743968629
noise_snr10,0.7465838564233702,0.2534161435766298
channel_8k,0.45253151202665637,0.5474684879733436
noise_snr10,0.7984879533073873,0.2015120466926127
channel_8k,0.5098486479976353,0.4901513520023647
noise_snr10,0.7392848060112353,0.26071519398876475
channel_8k,0.3265123930704779,0.6734876069295221
noise_snr10,0.7658570788721789,0.2341429211278211
channel_8k,0.48739036355136806,0.5126096364486319
noise_snr10,0.8049225726697684,0.1950774273302316
channel_8k,0.3913198307554279,0.608680169244572
noise_snr10,0.8266967349052451,0.1733032650947549
channel_8k,0.5596293488585427,0.44037065114145735
noise_snr10,0.8001485744747218,0.19985142552527824
channel_8k,0.5294125342721849,0.47058746572781507
noise_snr10,0.7843419234996595,0.21565807650034052
channel_8k,0.4914444039791412,0.5085555960208588
noise_snr10,0.7540530936446176,0.2459469063553824
channel_8k,0.519176747326454,0.480823252673546
noise_snr10,0.7712746781469334,0.2287253218530666
channel_8k,0.43924098767683456,0.5607590123231654
noise_snr10,0.5934052165656293,0.4065947834343707
channel_8k,0.4188198405345494,0.5811801594654507
noise_snr10,0.6504721964204949,0.3495278035795051
channel_8k,0.4786380766830404,0.5213619233169595
noise_snr10,0.7586377043342243,0.24136229566577572
channel_8k,0.5453161596741348,0.4546838403258652
noise_snr10,0.7586047573523069,0.24139524264769308
channel_8k,0.41807964026080824,0.5819203597391918
noise_snr10,0.6514021689124615,0.3485978310875385
channel_8k,0.5726612749054063,0.4273387250945937
noise_snr10,0.7461599036941017,0.2538400963058983
channel_8k,0.6118705211487508,0.38812947885124915
noise_snr10,0.8254499844886337,0.17455001551136629
channel_8k,0.5048341700615216,0.49516582993847835
noise_snr10,0.8222484506398202,0.17775154936017978
channel_8k,0.5078437873600692,0.4921562126399308
noise_snr10,0.7380360887156779,0.26196391128432206
channel_8k,0.3954580026335215,0.6045419973664785
noise_snr10,0.6826123337798707,0.31738766622012926
channel_8k,0.5980951726231742,0.40190482737682576
noise_snr10,0.7499876394367572,0.25001236056324283
channel_8k,0.5470352174218389,0.4529647825781611
noise_snr10,0.688931499323128,0.311068500676872
channel_8k,0.47752552747038074,0.5224744725296193
noise_snr10,0.7559208052813017,0.24407919471869832
channel_8k,0.4594094683130592,0.5405905316869408
noise_snr10,0.8242779678264284,0.17572203217357163
channel_8k,0.4967560118538257,0.5032439881461743
noise_snr10,0.777193002081433,0.22280699791856695
channel_8k,0.4983692715398974,0.5016307284601026
noise_snr10,0.6718172168198222,0.3281827831801778
channel_8k,0.553910315924281,0.44608968407571903
noise_snr10,0.7817968983906532,0.21820310160934675
channel_8k,0.4955863301770133,0.5044136698229866
noise_snr10,0.6826960187052865,0.3173039812947135
channel_8k,0.5466388409310116,0.45336115906898844
noise_snr10,0.7652027250543675,0.23479727494563252
channel_8k,0.4769516214063191,0.5230483785936809
noise_snr10,0.7645563266447222,0.23544367335527783
channel_8k,0.4725052667097313,0.5274947332902686
noise_snr10,0.6695130006492351,0.33048699935076487
channel_8k,0.46510785145018707,0.5348921485498129
noise_snr10,0.7951760686497487,0.20482393135025134
channel_8k,0.5084016575280436,0.49159834247195644
noise_snr10,0.6850922039187313,0.31490779608126873
channel_8k,0.3629467883706814,0.6370532116293186
noise_snr10,0.7254795628335388,0.27452043716646124
channel_8k,0.45441701282134583,0.5455829871786542
noise_snr10,0.7212345528004719,0.2787654471995281
channel_8k,0.4297409866835125,0.5702590133164875
noise_snr10,0.7576045173704368,0.24239548262956323
channel_8k,0.42736288477780854,0.5726371152221914
noise_snr10,0.825508635462002,0.17449136453799796
channel_8k,0.40882969580592915,0.5911703041940708
noise_snr10,0.6902978762677378,0.30970212373226225
channel_8k,0.6509386623936461,0.34906133760635394
noise_snr10,0.7387206920852617,0.2612793079147383
channel_8k,0.5398468917267752,0.46015310827322475
noise_snr10,0.6911013653309602,0.3088986346690398
channel_8k,0.4547614111723719,0.5452385888276281
noise_snr10,0.62364398809492,0.37635601190507995
channel_8k,0.4704604101818705,0.5295395898181294
noise_snr10,0.699985461386016,0.30001453861398397
channel_8k,0.5224172732097029,0.4775827267902971
noise_snr10,0.5861521900689591,0.41384780993104087
channel_8k,0.570740515246727,0.429259484753273
noise_snr10,0.7638913598094927,0.23610864019050726
channel_8k,0.4576367366825361,0.5423632633174639
noise_snr10,0.6719494199284919,0.3280505800715081
channel_8k,0.6730090702217624,0.3269909297782376
noise_snr10,0.6776900627608619,0.32230993723913814
channel_8k,0.5835649660622484,0.4164350339377516
noise_snr10,0.6822128227677156,0.31778717723228445
channel_8k,0.6223137316461255,0.37768626835387453
noise_snr10,0.6382977302617676,0.3617022697382324
channel_8k,0.41342085186478444,0.5865791481352156
noise_snr10,0.7412563930090789,0.25874360699092114
channel_8k,0.6262206149791616,0.3737793850208384
noise_snr10,0.5745688365800489,0.42543116341995113
channel_8k,0.4462849389133268,0.5537150610866732
noise_snr10,0.6577893821853779,0.34221061781462214
channel_8k,0.4700763178547788,0.5299236821452211
noise_snr10,0.6369018870620419,0.36309811293795813
channel_8k,0.3258854312426405,0.6741145687573595
noise_snr10,0.6602623396650769,0.33973766033492314
channel_8k,0.43786837842501725,0.5621316215749828
noise_snr10,0.6080781627789192,0.39192183722108076
channel_8k,0.3031294911589212,0.6968705088410788
noise_snr10,0.6972820328223438,0.3027179671776562
channel_8k,0.5418513412949509,0.45814865870504906
noise_snr10,0.531467106479509,0.468532893520491
channel_8k,0.4177426654049403,0.5822573345950597
noise_snr10,0.666867229639618,0.333132770360382
channel_8k,0.4659719698306826,0.5340280301693174
noise_snr10,0.6277162148000544,0.37228378519994565
channel_8k,0.45504113576750554,0.5449588642324945
noise_snr10,0.6593028241030777,0.3406971758969223
channel_8k,0.5833969653917689,0.4166030346082311
noise_snr10,0.7248841883700372,0.2751158116299628
channel_8k,0.45219492175157083,0.5478050782484292
noise_snr10,0.6990475584697295,0.30095244153027045
channel_8k,0.5321862365543962,0.46781376344560377
noise_snr10,0.650487514814962,0.34951248518503797
channel_8k,0.450078006058302,0.5499219939416979
noise_snr10,0.6666850182315011,0.33331498176849894
channel_8k,0.5344587511022509,0.46554124889774906
noise_snr10,0.6489155227619434,0.3510844772380566
channel_8k,0.4739840579318208,0.5260159420681791
noise_snr10,0.6697757576349992,0.3302242423650008
channel_8k,0.588732867834561,0.411267132165439
noise_snr10,0.6858394486173798,0.3141605513826202
channel_8k,0.4775583086870503,0.5224416913129497
noise_snr10,0.5760037841416956,0.4239962158583044
channel_8k,0.5612125936653705,0.43878740633462954
noise_snr10,0.6556625095403548,0.34433749045964523
channel_8k,0.5590396537952433,0.44096034620475666
noise_snr10,0.6155784068538596,0.38442159314614044
channel_8k,0.3642309488727531,0.6357690511272469
noise_snr10,0.6287399842295002,0.37126001577049983
channel_8k,0.2561465628845871,0.7438534371154129
noise_snr10,0.6246323523047019,0.37536764769529807
channel_8k,0.3219363657228971,0.6780636342771029
noise_snr10,0.7205683946417021,0.2794316053582979
channel_8k,0.4631995788507214,0.5368004211492786
noise_snr10,0.6465815241051687,0.35341847589483133
channel_8k,0.42817288208988374,0.5718271179101162
noise_snr10,0.7105437869628859,0.2894562130371141
channel_8k,0.3173566726896993,0.6826433273103008
noise_snr10,0.6787408522442687,0.3212591477557313
channel_8k,0.5594742575651438,0.4405257424348562
noise_snr10,0.5229907891301807,0.4770092108698193
channel_8k,0.4111346806381778,0.5888653193618222
noise_snr10,0.6388499672900892,0.36115003270991075
channel_8k,0.3873145839583514,0.6126854160416486
noise_snr10,0.6673264238457458,0.3326735761542542
channel_8k,0.25777584056570474,0.7422241594342953
noise_snr10,0.6685366563700534,0.33146334362994656
channel_8k,0.3639877917123302,0.6360122082876698
noise_snr10,0.6261155542704607,0.37388444572953927
channel_8k,0.4124684292554427,0.5875315707445573
noise_snr10,0.6610182851623189,0.33898171483768114
channel_8k,0.45879557024374285,0.5412044297562572
noise_snr10,0.5226113743972993,0.4773886256027007
channel_8k,0.41965546784362173,0.5803445321563783
noise_snr10,0.7062832992636399,0.29371670073636014
channel_8k,0.4244083421704826,0.5755916578295174
noise_snr10,0.7577155752704395,0.24228442472956047
channel_8k,0.43695994398893295,0.5630400560110671
noise_snr10,0.6970437695417083,0.3029562304582917
channel_8k,0.4765684841044879,0.5234315158955121
noise_snr10,0.5779677916169695,0.42203220838303046
channel_8k,0.4104108662585148,0.5895891337414851
noise_snr10,0.6676698658259779,0.33233013417402213
channel_8k,0.49873494588113143,0.5012650541188686
noise_snr10,0.7532415314690496,0.2467584685309504
channel_8k,0.3785447738463119,0.6214552261536881
noise_snr10,0.6152987785380347,0.3847012214619653
channel_8k,0.3612577498345826,0.6387422501654174
noise_snr10,0.6956289937074674,0.30437100629253255
channel_8k,0.43228399321286565,0.5677160067871343
noise_snr10,0.5084994091503241,0.4915005908496759
channel_8k,0.4663620226454412,0.5336379773545588
noise_snr10,0.7339876816783727,0.2660123183216273
channel_8k,0.442060793985993,0.5579392060140069
noise_snr10,0.7222078966399206,0.2777921033600794
channel_8k,0.4752595973172588,0.5247404026827411
noise_snr10,0.749974764832847,0.250025235167153
channel_8k,0.41602816761744355,0.5839718323825565
noise_snr10,0.793146530394472,0.20685346960552797
channel_8k,0.36178274757180656,0.6382172524281935
noise_snr10,0.7302952175004489,0.2697047824995511
channel_8k,0.3528534138680113,0.6471465861319887
noise_snr10,0.7485497519024725,0.2514502480975275
channel_8k,0.47537171365296016,0.5246282863470398
noise_snr10,0.6924001917978951,0.30759980820210486
channel_8k,0.4655790580444811,0.5344209419555189
noise_snr10,0.7756626528421284,0.22433734715787157
channel_8k,0.5279864616047485,0.4720135383952515
noise_snr10,0.6875400884264709,0.31245991157352915
channel_8k,0.4400226096033493,0.5599773903966507
noise_snr10,0.8096778794429583,0.19032212055704167
channel_8k,0.4522046969137989,0.5477953030862011
noise_snr10,0.7573744885732306,0.24262551142676936
channel_8k,0.44368709998940564,0.5563129000105944
noise_snr10,0.7599759025870086,0.24002409741299136
channel_8k,0.44720824791068753,0.5527917520893124
noise_snr10,0.8059479513635858,0.19405204863641423
channel_8k,0.3228453961512763,0.6771546038487237
noise_snr10,0.7358328469026435,0.2641671530973565
channel_8k,0.572744695940857,0.427255304059143
noise_snr10,0.7079491544500495,0.29205084554995053
channel_8k,0.4470114663245631,0.5529885336754369
noise_snr10,0.7407722840601991,0.2592277159398009
channel_8k,0.4724859250026951,0.5275140749973048
noise_snr10,0.7766681502080206,0.2233318497919794
channel_8k,0.45272108459746874,0.5472789154025313
noise_snr10,0.7629101513520014,0.23708984864799865
channel_8k,0.49548077060895507,0.504519229391045
noise_snr10,0.801152280902204,0.19884771909779597
channel_8k,0.38496800872165476,0.6150319912783453
noise_snr10,0.790451995574484,0.20954800442551602
channel_8k,0.3796486446830136,0.6203513553169864
noise_snr10,0.7443760254303501,0.2556239745696499
channel_8k,0.5177969593361047,0.4822030406638953
noise_snr10,0.7090530747231071,0.2909469252768929
channel_8k,0.5880290561541409,0.4119709438458591
noise_snr10,0.7940148631803043,0.20598513681969566
channel_8k,0.40537750315600285,0.5946224968439972
noise_snr10,0.7219904324346329,0.2780095675653671
channel_8k,0.43797200110509943,0.5620279988949006
noise_snr10,0.7651657245631348,0.2348342754368652
channel_8k,0.4290125625147603,0.5709874374852397
noise_snr10,0.8194490373979413,0.18055096260205872
channel_8k,0.45596086260457774,0.5440391373954223
noise_snr10,0.7162036228085144,0.28379637719148565
channel_8k,0.42216705853772885,0.5778329414622712
noise_snr10,0.7990750590525539,0.20092494094744606
channel_8k,0.5224813170637,0.47751868293629995
noise_snr10,0.7170230505899515,0.2829769494100485
channel_8k,0.406111856578445,0.593888143421555
noise_snr10,0.7704951549308012,0.22950484506919877
channel_8k,0.4566963541552675,0.5433036458447325
noise_snr10,0.7391817936401168,0.2608182063598832
channel_8k,0.4004683693218783,0.5995316306781218
noise_snr10,0.7686168474583323,0.23138315254166775
channel_8k,0.3562985026969332,0.6437014973030668
noise_snr10,0.767787971435459,0.23221202856454104
channel_8k,0.4769071875152253,0.5230928124847747
noise_snr10,0.7566043062843598,0.24339569371564018
channel_8k,0.35295086746124454,0.6470491325387555
noise_snr10,0.5553330127495874,0.44466698725041265
channel_8k,0.40499759447917283,0.5950024055208272
noise_snr10,0.7739770335047366,0.22602296649526343
channel_8k,0.3795836529920358,0.6204163470079642
noise_snr10,0.6871007648721883,0.3128992351278117
channel_8k,0.42016356287430606,0.5798364371256939
noise_snr10,0.7575323505942322,0.24246764940576782
channel_8k,0.4817146610725934,0.5182853389274066
noise_snr10,0.740380160557319,0.25961983944268097
channel_8k,0.47514765979549,0.52485234020451
noise_snr10,0.7589534897579088,0.24104651024209123
channel_8k,0.4113840419638879,0.5886159580361121
noise_snr10,0.6505793267995656,0.34942067320043435
channel_8k,0.39524405799442835,0.6047559420055717
noise_snr10,0.7845261486115754,0.21547385138842456
channel_8k,0.3820811769901166,0.6179188230098833
noise_snr10,0.7034037042849327,0.2965962957150673
channel_8k,0.4259049849835039,0.5740950150164961
noise_snr10,0.7382412479009433,0.26175875209905675
channel_8k,0.4598215152428309,0.5401784847571691
noise_snr10,0.7792120366383761,0.22078796336162387
channel_8k,0.4907800798678902,0.5092199201321098
noise_snr10,0.7747463372209948,0.22525366277900516
channel_8k,0.40556543659910027,0.5944345634008997
noise_snr10,0.7988268653141911,0.20117313468580889
channel_8k,0.5192452617219151,0.4807547382780849
noise_snr10,0.7142955589390452,0.28570444106095483
channel_8k,0.5018406759289373,0.49815932407106267
noise_snr10,0.7369095452592753,0.2630904547407247
channel_8k,0.49156605605250675,0.5084339439474932
noise_snr10,0.6609811312596816,0.3390188687403184
channel_8k,0.6112660241114275,0.3887339758885725
noise_snr10,0.7699029231509356,0.23009707684906444
channel_8k,0.614084654866081,0.385915345133919
noise_snr10,0.6582131916028352,0.3417868083971648
channel_8k,0.6015633284493936,0.39843667155060636
noise_snr10,0.6163145013400367,0.38368549865996326
channel_8k,0.6171130476275452,0.38288695237245485
noise_snr10,0.7014480759094085,0.2985519240905915
channel_8k,0.6946613719138599,0.3053386280861401
noise_snr10,0.7444061410138317,0.25559385898616827
channel_8k,0.5341670778124757,0.46583292218752426
noise_snr10,0.7421442196064509,0.25785578039354906
channel_8k,0.5343103355382444,0.46568966446175564
noise_snr10,0.6795566014045072,0.32044339859549276
channel_8k,0.673622780262521,0.326377219737479
noise_snr10,0.6277505692649443,0.3722494307350557
channel_8k,0.6609249644944186,0.3390750355055814
noise_snr10,0.6765616275699986,0.3234383724300014
channel_8k,0.6418639143810879,0.3581360856189121
noise_snr10,0.7063796870630289,0.2936203129369711
channel_8k,0.6032255827662671,0.39677441723373286
noise_snr10,0.53475120336025,0.46524879663975005
channel_8k,0.5955141127162762,0.4044858872837238
noise_snr10,0.7394872078550959,0.2605127921449041
channel_8k,0.5747316168730051,0.4252683831269949
noise_snr10,0.5997919976336719,0.40020800236632814
channel_8k,0.5593897644370778,0.4406102355629222
noise_snr10,0.7595261712133183,0.24047382878668166
channel_8k,0.6190015384644456,0.3809984615355544
noise_snr10,0.6140851683055623,0.38591483169443774
channel_8k,0.6353869157306361,0.3646130842693639
noise_snr10,0.7326853638745044,0.26731463612549555
channel_8k,0.6440588939227244,0.3559411060772756
noise_snr10,0.5230948872708822,0.47690511272911784
channel_8k,0.5973803937301756,0.4026196062698244
noise_snr10,0.6933991060892367,0.3066008939107633
channel_8k,0.5273961968134404,0.4726038031865596
noise_snr10,0.5744679259114385,0.42553207408856153
channel_8k,0.6155516214537141,0.3844483785462859
noise_snr10,0.6514164532498662,0.3485835467501338
channel_8k,0.6053873240013636,0.39461267599863636
noise_snr10,0.5638089459668101,0.4361910540331899
channel_8k,0.6480980836966793,0.3519019163033207
noise_snr10,0.6296171483020646,0.3703828516979354
channel_8k,0.49051555444125533,0.5094844455587446
noise_snr10,0.7136619019667746,0.2863380980332254
channel_8k,0.5530523602493531,0.4469476397506469
noise_snr10,0.6602317028779686,0.3397682971220314
channel_8k,0.5911619008075888,0.4088380991924112
noise_snr10,0.6624398165262366,0.3375601834737634
channel_8k,0.5709737822520898,0.42902621774791017
noise_snr10,0.6784918644821536,0.3215081355178464
channel_8k,0.5378348498106679,0.46216515018933213
noise_snr10,0.6617412693775163,0.3382587306224837
channel_8k,0.4810977805543391,0.518902219445661
noise_snr10,0.7893834035136367,0.21061659648636333
channel_8k,0.5654365104777817,0.43456348952221835
noise_snr10,0.661933216505006,0.33806678349499397
channel_8k,0.5594955960290319,0.44050440397096813
noise_snr10,0.7275410059380459,0.27245899406195406
channel_8k,0.5999507844057657,0.40004921559423434
noise_snr10,0.6492087567025185,0.35079124329748146
channel_8k,0.5658411327044732,0.4341588672955268
noise_snr10,0.7224137114762719,0.27758628852372813
channel_8k,0.6160569129373313,0.38394308706266866
noise_snr10,0.7789083973847419,0.22109160261525806
channel_8k,0.5900543624794284,0.40994563752057156
noise_snr10,0.6216403554288393,0.37835964457116067
channel_8k,0.5510333782207189,0.44896662177928115
noise_snr10,0.5641106646936297,0.4358893353063703
channel_8k,0.5968082843232434,0.4031917156767566
noise_snr10,0.6945801307838435,0.3054198692161565
channel_8k,0.6086262403660692,0.39137375963393084
noise_snr10,0.7098473662587845,0.29015263374121547
channel_8k,0.5528930699904564,0.4471069300095436
noise_snr10,0.57180347894852,0.42819652105148
channel_8k,0.6400204022313831,0.3599795977686169
noise_snr10,0.7927503383009971,0.20724966169900294
channel_8k,0.5910666525861902,0.4089333474138098
noise_snr10,0.6313654497528018,0.36863455024719816
channel_8k,0.5659235400544003,0.43407645994559974
noise_snr10,0.6908412506637616,0.30915874933623844
channel_8k,0.6581485597926112,0.3418514402073888
noise_snr10,0.7434629127542747,0.2565370872457253
channel_8k,0.5328169411783309,0.4671830588216691
noise_snr10,0.6757509044783003,0.32424909552169967
channel_8k,0.6391810710885055,0.3608189289114945
noise_snr10,0.562985209735153,0.437014790264847
channel_8k,0.588525275399546,0.411474724600454
noise_snr10,0.7228600145330565,0.2771399854669435
channel_8k,0.620825798312933,0.37917420168706695
noise_snr10,0.6955229803536277,0.3044770196463723
channel_8k,0.5476380262231595,0.4523619737768405
noise_snr10,0.7329834626332391,0.2670165373667609
channel_8k,0.48819240439503825,0.5118075956049617
noise_snr10,0.7654903910793313,0.23450960892066874
channel_8k,0.5720371291676297,0.4279628708323703
noise_snr10,0.734481073096728,0.26551892690327195
channel_8k,0.5060177696419998,0.49398223035800015
noise_snr10,0.7647743148620225,0.23522568513797748
channel_8k,0.6103895245548268,0.38961047544517324
noise_snr10,0.6891977718098046,0.31080222819019543
channel_8k,0.5594985429127051,0.44050145708729493
noise_snr10,0.6300891133825073,0.3699108866174927
channel_8k,0.5826225917039711,0.4173774082960289
noise_snr10,0.7343910700786527,0.2656089299213473
channel_8k,0.5117366567779477,0.48826334322205234
noise_snr10,0.7400226960103208,0.2599773039896792
channel_8k,0.6016742289501454,0.39832577104985456
noise_snr10,0.5526781356307346,0.44732186436926535
channel_8k,0.6031602560762466,0.39683974392375343
noise_snr10,0.6805243424074031,0.3194756575925969
channel_8k,0.5779733003993137,0.4220266996006863
noise_snr10,0.6368519979718901,0.36314800202810993
channel_8k,0.47998356339169274,0.5200164366083073
noise_snr10,0.8343269145502551,0.1656730854497449
channel_8k,0.6085822521386648,0.3914177478613352
noise_snr10,0.6923491702194365,0.30765082978056346
channel_8k,0.4996620068651811,0.5003379931348189
noise_snr10,0.693284802656538,0.306715197343462
channel_8k,0.5407771414084823,0.4592228585915177
noise_snr10,0.7064835183593781,0.29351648164062194
channel_8k,0.49882247545191505,0.501177524548085
noise_snr10,0.7027238778799922,0.29727612212000776
channel_8k,0.662379437021683,0.337620562978317
noise_snr10,0.7150656339584307,0.2849343660415693
channel_8k,0.49126010641933865,0.5087398935806613
noise_snr10,0.7600236769042337,0.23997632309576633
channel_8k,0.5023596835397123,0.4976403164602877
noise_snr10,0.6571648651210089,0.3428351348789911
channel_8k,0.44537227900498694,0.554627720995013
noise_snr10,0.7681824945987974,0.2318175054012026
channel_8k,0.6373474534196163,0.3626525465803837
noise_snr10,0.7850040118872036,0.2149959881127964
channel_8k,0.49937623239866324,0.5006237676013368
noise_snr10,0.6883610828443323,0.3116389171556677
channel_8k,0.5243238158245719,0.4756761841754281
noise_snr10,0.761572205744612,0.23842779425538796
channel_8k,0.5762319002025205,0.42376809979747954
noise_snr10,0.7445782348561586,0.2554217651438414
channel_8k,0.4971038945736706,0.5028961054263295
noise_snr10,0.6981612374107827,0.30183876258921727
channel_8k,0.659679108221782,0.340320891778218
noise_snr10,0.696015708638903,0.30398429136109695
channel_8k,0.45265164236481775,0.5473483576351823
noise_snr10,0.7534921093931796,0.24650789060682043
channel_8k,0.47517969729173637,0.5248203027082636
noise_snr10,0.7495662495043071,0.25043375049569294
channel_8k,0.5502751742574167,0.4497248257425833
noise_snr10,0.5727699341717453,0.42723006582825473
channel_8k,0.45791699522782964,0.5420830047721703
noise_snr10,0.6777156927593867,0.3222843072406133
channel_8k,0.4554646267643998,0.5445353732356002
noise_snr10,0.5536248032520515,0.44637519674794846
channel_8k,0.445182527620242,0.554817472379758
noise_snr10,0.767660908174984,0.232339091825016
channel_8k,0.5505921785608507,0.44940782143914926
noise_snr10,0.6389467652322365,0.3610532347677635
channel_8k,0.5047457763742036,0.4952542236257964
noise_snr10,0.7922096645414196,0.2077903354585804
channel_8k,0.39585544642459886,0.6041445535754011
noise_snr10,0.787000622866419,0.21299937713358097
channel_8k,0.5135979311126766,0.4864020688873234
noise_snr10,0.6496162736790626,0.3503837263209374
channel_8k,0.49854456871167835,0.5014554312883217
noise_snr10,0.7500987872095036,0.24990121279049637
channel_8k,0.49734296881572393,0.5026570311842761
noise_snr10,0.6919962098540248,0.30800379014597523
channel_8k,0.3950816949436838,0.6049183050563163
noise_snr10,0.6625908546945871,0.3374091453054129
channel_8k,0.5309462214629785,0.46905377853702146
noise_snr10,0.6764891886402562,0.3235108113597438
channel_8k,0.4320977883044494,0.5679022116955506
noise_snr10,0.6672178837822257,0.3327821162177743
channel_8k,0.48766034353877136,0.5123396564612286
noise_snr10,0.7553379910357776,0.2446620089642224
channel_8k,0.5274901651735306,0.47250983482646935
noise_snr10,0.6000764667630399,0.39992353323696006
channel_8k,0.5490649942166905,0.4509350057833095
noise_snr10,0.5943140924150134,0.40568590758498657
channel_8k,0.475320273374007,0.524679726625993
noise_snr10,0.6366579468957497,0.3633420531042503
channel_8k,0.5268697685960484,0.4731302314039516
noise_snr10,0.6536394888363773,0.34636051116362265
channel_8k,0.49869203068812856,0.5013079693118714
noise_snr10,0.6687501602055038,0.3312498397944962
channel_8k,0.46584683190845677,0.5341531680915432
noise_snr10,0.5673283362075551,0.4326716637924449
channel_8k,0.45664026618175163,0.5433597338182483
noise_snr10,0.7242190436681684,0.27578095633183164
channel_8k,0.6437251887158169,0.35627481128418315
noise_snr10,0.6367656308373264,0.3632343691626736
channel_8k,0.7342490322031072,0.2657509677968928
noise_snr10,0.6729541949687613,0.3270458050312387
channel_8k,0.7198207139405511,0.28017928605944886
noise_snr10,0.7415159116453043,0.2584840883546957
channel_8k,0.757716052107593,0.24228394789240704
noise_snr10,0.6458758051180853,0.3541241948819147
channel_8k,0.6928044901234617,0.3071955098765383
noise_snr10,0.7419254705623127,0.2580745294376873
channel_8k,0.5999505459871889,0.4000494540128111
noise_snr10,0.6357512789422222,0.36424872105777784
channel_8k,0.6711143988153031,0.3288856011846969
noise_snr10,0.7045456696627648,0.2954543303372352
channel_8k,0.6971317459965171,0.30286825400348294
noise_snr10,0.6483402187363244,0.3516597812636756
channel_8k,0.6871021098207937,0.31289789017920633
noise_snr10,0.691138201001063,0.30886179899893695
channel_8k,0.43857576638430135,0.5614242336156987
noise_snr10,0.73490599463041,0.26509400536959005
channel_8k,0.4241271229368686,0.5758728770631314
noise_snr10,0.777396836696344,0.22260316330365604
channel_8k,0.5047804367597301,0.49521956324026994
noise_snr10,0.6923516919519104,0.3076483080480896
channel_8k,0.5509264414054085,0.4490735585945915
noise_snr10,0.6446562940981758,0.3553437059018242
channel_8k,0.5874826253316863,0.41251737466831373
noise_snr10,0.7630824683988656,0.23691753160113438
channel_8k,0.5760068926439205,0.42399310735607953
noise_snr10,0.7919096147447364,0.20809038525526358
channel_8k,0.618078464049318,0.381921535950682
noise_snr10,0.6465628467850447,0.3534371532149553
channel_8k,0.6152748174696464,0.3847251825303536
pitch_shift,0.24419860297621926,0.7558013970237807
pitch_shift,0.27307932218449466,0.7269206778155053
pitch_shift,0.23739522307885508,0.7626047769211449
pitch_shift,0.2515426402891152,0.7484573597108848
pitch_shift,0.2380456006564245,0.7619543993435756
pitch_shift,0.21643091321705765,0.7835690867829423
pitch_shift,0.27300710840249753,0.7269928915975025
pitch_shift,0.22674348723642562,0.7732565127635744
pitch_shift,0.24823882948605874,0.7517611705139413
pitch_shift,0.2989571660663671,0.701042833933633
pitch_shift,0.24382039623940716,0.7561796037605928
pitch_shift,0.2266571187156656,0.7733428812843344
pitch_shift,0.15627476416715655,0.8437252358328434
pitch_shift,0.25672365508392886,0.7432763449160711
pitch_shift,0.30835568596521024,0.6916443140347898
pitch_shift,0.19235759781168404,0.807642402188316
pitch_shift,0.25173260030143724,0.7482673996985627
pitch_shift,0.2718439237020064,0.7281560762979936
pitch_shift,0.25062812617896224,0.7493718738210378
pitch_shift,0.21280239087939704,0.787197609120603
pitch_shift,0.21431974639671203,0.785680253603288
pitch_shift,0.27802014072870973,0.7219798592712903
pitch_shift,0.21996006149630698,0.780039938503693
pitch_shift,0.18397173101512584,0.8160282689848741
pitch_shift,0.1637231989223841,0.8362768010776159
pitch_shift,0.13498508795221212,0.8650149120477879
pitch_shift,0.1962018706372177,0.8037981293627823
pitch_shift,0.29941612182654803,0.7005838781734519
pitch_shift,0.2847261102337173,0.7152738897662827
pitch_shift,0.24810825028911787,0.7518917497108821
pitch_shift,0.2496448879099742,0.7503551120900258
pitch_shift,0.30430948429973964,0.6956905157002604
pitch_shift,0.246301454602416,0.753698545397584
pitch_shift,0.19654413861187492,0.8034558613881251
pitch_shift,0.2576053712833518,0.7423946287166482
pitch_shift,0.2191457261073097,0.7808542738926902
pitch_shift,0.239334610691447,0.760665389308553
pitch_shift,0.22341994717814642,0.7765800528218536
pitch_shift,0.28278219417077427,0.7172178058292258
pitch_shift,0.2822082610519714,0.7177917389480286
pitch_shift,0.2685861560665799,0.7314138439334201
pitch_shift,0.221508470942798,0.778491529057202
pitch_shift,0.18901049901779296,0.810989500982207
pitch_shift,0.18396040613273176,0.8160395938672682
pitch_shift,0.22651751112918067,0.7734824888708194
pitch_shift,0.2610924373440978,0.7389075626559022
pitch_shift,0.23868050932622287,0.7613194906737771
pitch_shift,0.2663820518070793,0.7336179481929207
pitch_shift,0.18834519932928803,0.8116548006707119
pitch_shift,0.22881796727244352,0.7711820327275565
pitch_shift,0.1972652622562434,0.8027347377437566
pitch_shift,0.22226613537728374,0.7777338646227163
pitch_shift,0.18539032154659424,0.8146096784534058
pitch_shift,0.11095745750572847,0.8890425424942715
pitch_shift,0.21572476205421404,0.784275237945786
pitch_shift,0.1634698740270245,0.8365301259729755
pitch_shift,0.26397652743390887,0.7360234725660911
pitch_shift,0.12015035628331396,0.8798496437166861
pitch_shift,0.1644061042319079,0.8355938957680921
pitch_shift,0.22701760899500642,0.7729823910049936
pitch_shift,0.25826295952026046,0.7417370404797395
pitch_shift,0.22875150682767464,0.7712484931723254
pitch_shift,0.26952732946325225,0.7304726705367477
pitch_shift,0.2134434813903027,0.7865565186096973
pitch_shift,0.22666667036046464,0.7733333296395354
pitch_shift,0.27304209633071624,0.7269579036692837
pitch_shift,0.22388022914166036,0.7761197708583396
pitch_shift,0.16034553784719008,0.8396544621528099
pitch_shift,0.1373714045854153,0.8626285954145847
pitch_shift,0.16110829318039457,0.8388917068196055
pitch_shift,0.2383805035583312,0.7616194964416688
pitch_shift,0.2603152523423195,0.7396847476576804
pitch_shift,0.17752843485737477,0.8224715651426252
pitch_shift,0.24840068568737989,0.7515993143126201
pitch_shift,0.2531381820160425,0.7468618179839575
pitch_shift,0.12762754298539128,0.8723724570146087
pitch_shift,0.2399318933295012,0.7600681066704988
pitch_shift,0.10278770224780352,0.8972122977521965
pitch_shift,0.17672657789887192,0.8232734221011281
pitch_shift,0.12917332991967448,0.8708266700803255
pitch_shift,0.18265262063479276,0.8173473793652073
pitch_shift,0.2878194594103913,0.7121805405896087
pitch_shift,0.2526203817270824,0.7473796182729175
pitch_shift,0.23786121224259943,0.7621387877574006
pitch_shift,0.24854242553123837,0.7514575744687616
pitch_shift,0.2304967309132693,0.7695032690867307
pitch_shift,0.22921041915088136,0.7707895808491186
pitch_shift,0.1014490266430186,0.8985509733569814
pitch_shift,0.13603910667755756,0.8639608933224424
pitch_shift,0.2526333905984122,0.7473666094015878
pitch_shift,0.22628952195194005,0.7737104780480599
pitch_shift,0.36309140557547637,0.6369085944245236
pitch_shift,0.06096126823260763,0.9390387317673924
pitch_shift,0.13169041144287677,0.8683095885571233
pitch_shift,0.19840125233620676,0.8015987476637932
pitch_shift,0.10896395782940874,0.8910360421705913
pitch_shift,0.08936636593181954,0.9106336340681804
pitch_shift,0.06260494080165827,0.9373950591983418
pitch_shift,0.19552346868494783,0.8044765313150521
pitch_shift,0.14041277625814946,0.8595872237418505
pitch_shift,0.12179170408001225,0.8782082959199877
pitch_shift,0.13889340917453485,0.8611065908254651
pitch_shift,0.1187247026015103,0.8812752973984896
pitch_shift,0.27656918487545196,0.7234308151245481
pitch_shift,0.08249379611968027,0.9175062038803197
pitch_shift,0.26793229311993244,0.7320677068800676
pitch_shift,0.21828707834348116,0.7817129216565188
pitch_shift,0.22358399091105535,0.7764160090889447
pitch_shift,0.08739170344699056,0.9126082965530095
pitch_shift,0.207934238373214,0.792065761626786
pitch_shift,0.11351895150385093,0.8864810484961491
pitch_shift,0.1710360284054842,0.8289639715945158
pitch_shift,0.13628891786476563,0.8637110821352344
pitch_shift,0.14292567825442853,0.8570743217455714
pitch_shift,0.24637208632621904,0.7536279136737809
pitch_shift,0.10603812975941622,0.8939618702405838
pitch_shift,0.06351082696455702,0.936489173035443
pitch_shift,0.12429814657237398,0.875701853427626
pitch_shift,0.09378446916917793,0.9062155308308221
pitch_shift,0.2118106589481072,0.7881893410518928
pitch_shift,0.21596376179045765,0.7840362382095424
pitch_shift,0.2950236943678219,0.7049763056321781
pitch_shift,0.36005341646629935,0.6399465835337006
pitch_shift,0.25956704953026033,0.7404329504697397
pitch_shift,0.17997421144278872,0.8200257885572113
pitch_shift,0.2123599031193209,0.7876400968806792
pitch_shift,0.2507362490099482,0.7492637509900518
pitch_shift,0.18876418282572183,0.8112358171742782
pitch_shift,0.36683928599682936,0.6331607140031706
pitch_shift,0.20645639093889984,0.7935436090611001
pitch_shift,0.2670516504197012,0.7329483495802989
pitch_shift,0.22857471944250135,0.7714252805574986
pitch_shift,0.3581918740216122,0.6418081259783879
pitch_shift,0.19036280207562598,0.809637197924374
pitch_shift,0.2078014417253819,0.792198558274618
pitch_shift,0.17345925079684665,0.8265407492031533
pitch_shift,0.14828725010880994,0.8517127498911901
pitch_shift,0.26179025875742085,0.7382097412425792
pitch_shift,0.2995287328527063,0.7004712671472937
pitch_shift,0.27550244055857426,0.7244975594414258
pitch_shift,0.3279325929273391,0.6720674070726609
pitch_shift,0.15972109931256445,0.8402789006874356
pitch_shift,0.24221509452838008,0.7577849054716199
pitch_shift,0.19458072852703925,0.8054192714729608
pitch_shift,0.23957866190703933,0.7604213380929606
pitch_shift,0.37741152593516736,0.6225884740648326
pitch_shift,0.20133508250455026,0.7986649174954498
pitch_shift,0.24423578137302612,0.7557642186269738
pitch_shift,0.2759821089326075,0.7240178910673924
pitch_shift,0.22546814449050626,0.7745318555094938
pitch_shift,0.2687672945802409,0.7312327054197592
pitch_shift,0.21312380894229216,0.7868761910577078
pitch_shift,0.3311337795522792,0.6688662204477208
pitch_shift,0.22555206344787518,0.7744479365521248
pitch_shift,0.266771047638973,0.7332289523610269
pitch_shift,0.2502943848376018,0.7497056151623982
pitch_shift,0.24046663585839656,0.7595333641416034
pitch_shift,0.2178337831072413,0.7821662168927587
pitch_shift,0.17596290388353034,0.8240370961164697
pitch_shift,0.1947200212938454,0.8052799787061546
pitch_shift,0.2165332524024399,0.7834667475975601
pitch_shift,0.2625001501119097,0.7374998498880903
pitch_shift,0.23071768649172758,0.7692823135082725
pitch_shift,0.20785590798423084,0.7921440920157692
pitch_shift,0.33030982463914343,0.6696901753608566
pitch_shift,0.32648606727783647,0.6735139327221635
pitch_shift,0.2913119341396035,0.7086880658603965
pitch_shift,0.22146969812175932,0.7785303018782407
pitch_shift,0.3022673876020512,0.6977326123979488
pitch_shift,0.14781424255376371,0.8521857574462363
pitch_shift,0.1655741911497017,0.8344258088502983
pitch_shift,0.28833259582271653,0.7116674041772835
pitch_shift,0.3742256723174662,0.6257743276825338
pitch_shift,0.29254768749870835,0.7074523125012917
pitch_shift,0.22037247916460706,0.7796275208353929
pitch_shift,0.26187695371754716,0.7381230462824528
pitch_shift,0.3395356012646306,0.6604643987353693
pitch_shift,0.22148056106816102,0.778519438931839
pitch_shift,0.22309846632285243,0.7769015336771475
pitch_shift,0.19948705530277974,0.8005129446972202
pitch_shift,0.11555524054843472,0.8844447594515653
pitch_shift,0.06734484424538006,0.9326551557546199
pitch_shift,0.18087801156364117,0.8191219884363589
pitch_shift,0.2215432353515156,0.7784567646484843
pitch_shift,0.2056329825818843,0.7943670174181157
pitch_shift,0.32053035177135053,0.6794696482286495
pitch_shift,0.3308457300269024,0.6691542699730977
pitch_shift,0.2986702471114215,0.7013297528885785
pitch_shift,0.21266628589156378,0.7873337141084362
pitch_shift,0.2673819793774323,0.7326180206225676
pitch_shift,0.24154579397889023,0.7584542060211098
pitch_shift,0.3855163118434606,0.6144836881565394
pitch_shift,0.2884900116973769,0.711509988302623
pitch_shift,0.19870003553412563,0.8012999644658744
pitch_shift,0.1626460535950971,0.8373539464049029
pitch_shift,0.15676117720967625,0.8432388227903238
pitch_shift,0.21405322421437814,0.7859467757856219
pitch_shift,0.16390463545926603,0.836095364540734
pitch_shift,0.2537800052751774,0.7462199947248226
pitch_shift,0.19593074721862527,0.8040692527813748
pitch_shift,0.17673305553687627,0.8232669444631238
pitch_shift,0.13675349814036908,0.8632465018596309
pitch_shift,0.2697828385077686,0.7302171614922315
pitch_shift,0.0603085601259412,0.9396914398740588
pitch_shift,0.16672508251834947,0.8332749174816505
pitch_shift,0.3325051632055575,0.6674948367944424
pitch_shift,0.29659812133534036,0.7034018786646596
pitch_shift,0.01760692609268272,0.9823930739073172
pitch_shift,0.15383332813924852,0.8461666718607515
pitch_shift,0.2396555661826154,0.7603444338173846
pitch_shift,0.1620524009981465,0.8379475990018534
pitch_shift,0.11292189246743026,0.8870781075325698
pitch_shift,0.20019403796202478,0.7998059620379752
pitch_shift,0.14061174494153314,0.8593882550584668
pitch_shift,0.18375971729577992,0.8162402827042201
pitch_shift,0.2249232940189497,0.7750767059810503
pitch_shift,0.28901052185965065,0.7109894781403494
pitch_shift,0.19822504609634886,0.8017749539036512
pitch_shift,0.2250739313506401,0.7749260686493599
pitch_shift,0.14075178606137959,0.8592482139386204
pitch_shift,0.25385424240889104,0.746145757591109
pitch_shift,0.2630483481805212,0.7369516518194787
pitch_shift,0.16269479008907875,0.8373052099109213
pitch_shift,0.20071626705179604,0.799283732948204
pitch_shift,0.22669736675404667,0.7733026332459534
pitch_shift,0.2321454263360775,0.7678545736639225
pitch_shift,0.176514564179526,0.823485435820474
pitch_shift,0.2483555947740582,0.7516444052259418
pitch_shift,0.2731839987139303,0.7268160012860697
pitch_shift,0.2117585346836655,0.7882414653163345
pitch_shift,0.2789161177400136,0.7210838822599863
pitch_shift,0.23019389577984053,0.7698061042201595
pitch_shift,0.17356523697856577,0.8264347630214343
pitch_shift,0.3422773948224054,0.6577226051775946
pitch_shift,0.2999223023416811,0.700077697658319
pitch_shift,0.22915218541351814,0.7708478145864819
pitch_shift,0.3462568395235885,0.6537431604764115
pitch_shift,0.2425791149915444,0.7574208850084556
pitch_shift,0.3007370382715306,0.6992629617284694
pitch_shift,0.13503842725650897,0.8649615727434911
pitch_shift,0.3244411316852457,0.6755588683147543
pitch_shift,0.2789931269402934,0.7210068730597066
pitch_shift,0.240215089328812,0.759784910671188
pitch_shift,0.26519937638677976,0.7348006236132203
pitch_shift,0.36800270904656596,0.631997290953434
pitch_shift,0.3696897588954181,0.6303102411045819
pitch_shift,0.42214744860979386,0.5778525513902062
pitch_shift,0.34304713859833724,0.6569528614016628
pitch_shift,0.3168302742746294,0.6831697257253706
pitch_shift,0.32331399733250793,0.6766860026674921
pitch_shift,0.2920857042667956,0.7079142957332044
pitch_shift,0.3048974841145689,0.6951025158854311
pitch_shift,0.22430011405758177,0.7756998859424182
pitch_shift,0.2629538748194969,0.7370461251805032
pitch_shift,0.24030200896763879,0.7596979910323612
pitch_shift,0.29771691263028327,0.7022830873697168
pitch_shift,0.36256568442209103,0.637434315577909
pitch_shift,0.4082658493381861,0.5917341506618139
pitch_shift,0.33583128116469746,0.6641687188353025
pitch_shift,0.31206657050314474,0.6879334294968553
pitch_shift,0.3926893667463674,0.6073106332536327
pitch_shift,0.32703684402520455,0.6729631559747955
pitch_shift,0.26443007323956463,0.7355699267604354
pitch_shift,0.22709488641618494,0.7729051135838151
pitch_shift,0.3926773266075255,0.6073226733924745
pitch_shift,0.16228714423017118,0.8377128557698288
pitch_shift,0.32445716533452995,0.67554283466547
pitch_shift,0.23765541301867074,0.7623445869813292
pitch_shift,0.27842856834626234,0.7215714316537376
pitch_shift,0.2379225617696773,0.7620774382303227
pitch_shift,0.32175387548044515,0.6782461245195548
pitch_shift,0.2882318169857696,0.7117681830142304
pitch_shift,0.250778285048593,0.749221714951407
pitch_shift,0.2576616380674571,0.7423383619325429
pitch_shift,0.22149114089250285,0.7785088591074971
pitch_shift,0.3009590059796848,0.6990409940203153
pitch_shift,0.28580093097988135,0.7141990690201186
pitch_shift,0.20905758231436955,0.7909424176856305
pitch_shift,0.2592749867737815,0.7407250132262184
pitch_shift,0.2540864919049359,0.7459135080950641
pitch_shift,0.303600040022395,0.696399959977605
pitch_shift,0.18274826717902395,0.8172517328209761
pitch_shift,0.29414081279345516,0.7058591872065448
pitch_shift,0.3010198623250192,0.6989801376749808
pitch_shift,0.3680992685701365,0.6319007314298635
pitch_shift,0.28179767446054194,0.7182023255394581
pitch_shift,0.30042111573205593,0.699578884267944
pitch_shift,0.18348658995048095,0.816513410049519
pitch_shift,0.19442865885720262,0.8055713411427974
pitch_shift,0.1027220836572753,0.8972779163427247
pitch_shift,0.09563170277808086,0.9043682972219191
pitch_shift,0.1467038167769313,0.8532961832230687
pitch_shift,0.2054726609902029,0.7945273390097971
pitch_shift,0.18301645829149435,0.8169835417085056
pitch_shift,0.10525271191248449,0.8947472880875155
pitch_shift,0.20000963905177055,0.7999903609482295
pitch_shift,0.2734191092328957,0.7265808907671043
pitch_shift,0.21055382044486706,0.789446179555133
pitch_shift,0.13083866107755396,0.8691613389224461
pitch_shift,0.12730877732932022,0.8726912226706798
pitch_shift,0.22896533975517694,0.771034660244823
pitch_shift,0.187758574262733,0.812241425737267
pitch_shift,0.25648623448424046,0.7435137655157595
pitch_shift,0.2163437583269799,0.7836562416730201
pitch_shift,0.13401205012372489,0.8659879498762751
pitch_shift,0.2662214470837653,0.7337785529162347
pitch_shift,0.1519168004103059,0.8480831995896941
pitch_shift,0.19330665275862965,0.8066933472413703
pitch_shift,0.18204632219420047,0.8179536778057995
pitch_shift,0.23567886329522794,0.7643211367047721
pitch_shift,0.18719716182908583,0.8128028381709141
pitch_shift,0.28321483052103374,0.7167851694789662
pitch_shift,0.08556751821304277,0.9144324817869572
pitch_shift,0.1292567466241755,0.8707432533758245
pitch_shift,0.09513266111445719,0.9048673388855428
pitch_shift,0.04526486472312692,0.954735135276873
pitch_shift,0.14676708711049888,0.8532329128895011
pitch_shift,0.17510364328182498,0.8248963567181751
pitch_shift,0.12959171702016103,0.870408282979839
pitch_shift,0.17913058221023534,0.8208694177897646
pitch_shift,0.053250632647635125,0.9467493673523649
pitch_shift,0.17400724558911765,0.8259927544108824
pitch_shift,0.09438395968371384,0.9056160403162862
pitch_shift,0.1740502697705752,0.8259497302294248
pitch_shift,0.13222155630817772,0.8677784436918223
pitch_shift,0.14575688642619997,0.8542431135738
pitch_shift,0.18185978539876796,0.818140214601232
pitch_shift,0.1470379069644888,0.8529620930355112
pitch_shift,0.1865920517019689,0.8134079482980311
pitch_shift,0.10198455201922843,0.8980154479807716
pitch_shift,0.13254719840063275,0.8674528015993672
pitch_shift,0.18074565945124094,0.8192543405487591
pitch_shift,0.1936715490328583,0.8063284509671417
pitch_shift,0.1783508193539201,0.82164918064608
pitch_shift,0.14539897539639773,0.8546010246036022
pitch_shift,0.16490725500824502,0.835092744991755
pitch_shift,0.06163755737522192,0.9383624426247781
pitch_shift,0.09515331412489635,0.9048466858751036
pitch_shift,0.04268677744419125,0.9573132225558088
pitch_shift,0.13280575636176156,0.8671942436382385
pitch_shift,0.14866417779842886,0.8513358222015711
pitch_shift,0.09394420589439736,0.9060557941056027
pitch_shift,0.1482122315970865,0.8517877684029135
pitch_shift,0.05214469393469488,0.9478553060653051
pitch_shift,0.06069870977499762,0.9393012902250024
pitch_shift,0.070097304179646,0.929902695820354
pitch_shift,0.13034596195683112,0.8696540380431689
pitch_shift,0.08159501023951941,0.9184049897604806
pitch_shift,0.049491102468244626,0.9505088975317554
pitch_shift,0.11026680359246137,0.8897331964075387
pitch_shift,0.16358146882874086,0.8364185311712591
pitch_shift,0.17692058665980323,0.8230794133401967
pitch_shift,0.18672161353329053,0.8132783864667095
pitch_shift,0.1188961553604922,0.8811038446395079
pitch_shift,0.05235819838736963,0.9476418016126303
pitch_shift,0.08253916270448128,0.9174608372955187
pitch_shift,0.07267360316559032,0.9273263968344096
pitch_shift,0.12949774311611814,0.8705022568838818
pitch_shift,0.058693881264131186,0.9413061187358688
pitch_shift,0.16677678954717504,0.833223210452825
pitch_shift,0.1794723361350223,0.8205276638649777
pitch_shift,0.32283517395479955,0.6771648260452005
pitch_shift,0.13291986153720306,0.867080138462797
pitch_shift,0.20090747876172046,0.7990925212382796
pitch_shift,0.17587381425459805,0.824126185745402
pitch_shift,0.2537453447239754,0.7462546552760245
pitch_shift,0.2607195649301121,0.7392804350698878
pitch_shift,0.29244872635216984,0.7075512736478302
pitch_shift,0.2416106433317127,0.7583893566682873
pitch_shift,0.23197580534557838,0.7680241946544216
pitch_shift,0.29601027049708295,0.703989729502917
pitch_shift,0.21807753821686868,0.7819224617831313
pitch_shift,0.24816956867957446,0.7518304313204256
pitch_shift,0.18137333696746472,0.8186266630325353
pitch_shift,0.34227749363037147,0.6577225063696286
pitch_shift,0.19156358596232828,0.8084364140376717
pitch_shift,0.1920727105093579,0.8079272894906421
pitch_shift,0.15083331617877987,0.8491666838212202
pitch_shift,0.15720075211680473,0.8427992478831953
pitch_shift,0.26932173698039713,0.7306782630196029
pitch_shift,0.22071873920974378,0.7792812607902562
pitch_shift,0.249378365690588,0.750621634309412
pitch_shift,0.21888844264537427,0.7811115573546257
pitch_shift,0.2855072163109215,0.7144927836890784
pitch_shift,0.2596163580453372,0.7403836419546628
pitch_shift,0.28254541860148796,0.717454581398512
pitch_shift,0.29086595482830946,0.7091340451716905
pitch_shift,0.1973613778882179,0.802638622111782
pitch_shift,0.17026205190627383,0.8297379480937261
pitch_shift,0.2655944955965956,0.7344055044034044
pitch_shift,0.23027804146074038,0.7697219585392596
pitch_shift,0.25921326616473384,0.7407867338352662
pitch_shift,0.26301985716060344,0.7369801428393965
pitch_shift,0.32892146377659653,0.6710785362234035
pitch_shift,0.20402885495415288,0.7959711450458471
pitch_shift,0.16648706129522128,0.8335129387047787
pitch_shift,0.17721214713267897,0.822787852867321
pitch_shift,0.11244373581283136,0.8875562641871686
pitch_shift,0.0019454397066598762,0.9980545602933402
pitch_shift,0.03396248985913572,0.9660375101408643
